keyword,type,category
why the 2022 Code of Points execution deductions favour power over artistry,blog,scoring
how Simone Biles' Yurchenko double pike changed vault difficulty scoring forever,blog,vault
the D-score loophole gymnasts exploited before FIG banned it in 2022,blog,scoring
why Nadia Comaneci's perfect 10 could never happen under today's Code of Points,blog,history
Kohei Uchimura vs Kenzo Shirai: two Japanese eras of men's gymnastics compared,comparison,men's-artistic
why the Produnova vault is still banned in practice even though it's legal,blog,vault
how connection value bonuses on floor quietly reward risk over choreography,blog,floor
the 2021 Tokyo bar routine that exposed a scoring inconsistency nobody fixed,blog,uneven-bars
why American gymnasts dominate vault but rarely win beam gold,blog,competition-analysis
the Amanar vault explained: why it's still the benchmark 15 years later,how-to,vault
how to actually read a gymnastics scoreboard without the TV commentary,how-to,scoring
why rhythmic gymnastics judging is harder to follow than artistic and what changed in 2022,blog,rhythmic
the Chusovitina longevity problem: why no one has matched eight Olympic cycles,blog,history
best beam mounts ranked by risk versus reward under current scoring,listicle,beam
five skills banned from competition and why FIG pulled them,listicle,rules
why acrobatic gymnastics still doesn't get Olympic recognition,blog,acrobatic
how trampoline gymnastics scoring actually works and why it confuses casual viewers,how-to,trampoline
the 1996 Kerri Strug vault: brave decision or bad coaching call,blog,history
why men's rings requires strength scoring criteria women's apparatus doesn't have,blog,men's-artistic
comparing the GOAT debate: Biles versus Comaneci versus Korbut on different eras' scoring,comparison,history
why the athlete replay challenge system slows down meets and who benefits,blog,rules
the pommel horse routine structure explained skill by skill,how-to,men's-artistic
why floor music was dropped from women's gymnastics scoring in 2021,blog,floor
five controversial Olympic gymnastics scores that changed a medal outcome,listicle,history
how club-level gymnasts should interpret elite scoring to set their own goals,how-to,youth-gymnastics
why the vault table replaced the old vaulting horse and what it changed technically,blog,vault
glossary of gymnastics skill names you'll actually hear commentators use,glossary,terminology
why some countries produce elite tumblers but weak beam workers,blog,competition-analysis
the physics behind a triple twisting double back explained simply,how-to,floor
why age eligibility rules keep changing and who they're really protecting,blog,rules
gymnastics scoring explained: the complete guide to D-score E-score and execution deductions,hub,scoring
artistic gymnastics apparatus guide: what judges look for on each of the six events,hub,apparatus
vault gymnastics: difficulty levels technique and what separates a good vault from a great one,hub,vault
beam gymnastics: the complete guide to how balance beam is scored and judged,hub,beam
floor exercise gymnastics: complete guide to scoring choreography and difficulty,hub,floor
men's gymnastics complete guide: the six apparatus skills and how scoring works,hub,men's-artistic
rhythmic gymnastics explained: apparatus disciplines scoring and what makes it so hard to judge,hub,rhythmic
Amanar vault vs Cheng vault: difficulty comparison and which is actually harder to execute,comparison,vault
FIG Code of Points vs NCAA scoring: why elite and collegiate scores look nothing alike,comparison,rules
Simone Biles vs Larisa Latynina: the GOAT argument by the numbers,comparison,history
women's artistic gymnastics vs rhythmic gymnastics: scoring difficulty and judging compared,comparison,apparatus
what is a Yurchenko entry: the round-off back-handspring vault takeoff explained,glossary,terminology
what is a Tkatchev: uneven bars release skill execution and difficulty criteria,glossary,terminology
what is a Korbut flip: why the iconic skill was banned and what it means for gymnastics rules,glossary,terminology
what is the D-score in gymnastics: how difficulty is calculated under the Code of Points,glossary,scoring
what is the E-score in gymnastics: execution deductions explained for every apparatus,glossary,scoring
what is a release move in gymnastics: high bar and uneven bars skills ranked by difficulty,glossary,terminology
five underrated gymnasts who changed the Code of Points without getting credit for it,listicle,history
seven gymnasts whose difficulty scores were too conservative for what they were actually doing,listicle,scoring
